chart,panel,input,implementation,gib_per_second
Rust Base64 throughput,Standard encode,1 KiB,hashcodecs,25.19
Rust Base64 throughput,Standard encode,4 KiB,hashcodecs,35.02
Rust Base64 throughput,Standard encode,1 MiB,hashcodecs,38.27
Rust Base64 throughput,Standard encode,8 MiB,hashcodecs,29.24
Rust Base64 throughput,Standard encode,1 KiB,base64,4.77
Rust Base64 throughput,Standard encode,4 KiB,base64,5.40
Rust Base64 throughput,Standard encode,1 MiB,base64,4.83
Rust Base64 throughput,Standard encode,8 MiB,base64,4.06
Rust Base64 throughput,Standard encode,1 KiB,base64 turbo,25.11
Rust Base64 throughput,Standard encode,4 KiB,base64 turbo,33.92
Rust Base64 throughput,Standard encode,1 MiB,base64 turbo,37.81
Rust Base64 throughput,Standard encode,8 MiB,base64 turbo,30.99
Rust Base64 throughput,Standard decode,1 KiB,hashcodecs,18.238
Rust Base64 throughput,Standard decode,4 KiB,hashcodecs,26.133
Rust Base64 throughput,Standard decode,1 MiB,hashcodecs,30.243
Rust Base64 throughput,Standard decode,8 MiB,hashcodecs,19.054
Rust Base64 throughput,Standard decode,1 KiB,base64,3.76
Rust Base64 throughput,Standard decode,4 KiB,base64,3.98
Rust Base64 throughput,Standard decode,1 MiB,base64,3.79
Rust Base64 throughput,Standard decode,8 MiB,base64,3.56
Rust Base64 throughput,Standard decode,1 KiB,base64 turbo,17.37
Rust Base64 throughput,Standard decode,4 KiB,base64 turbo,23.28
Rust Base64 throughput,Standard decode,1 MiB,base64 turbo,20.50
Rust Base64 throughput,Standard decode,8 MiB,base64 turbo,16.87
Rust Base64 throughput,URL-safe encode,1 KiB,hashcodecs,25.87
Rust Base64 throughput,URL-safe encode,4 KiB,hashcodecs,34.95
Rust Base64 throughput,URL-safe encode,1 MiB,hashcodecs,39.68
Rust Base64 throughput,URL-safe encode,8 MiB,hashcodecs,29.86
Rust Base64 throughput,URL-safe encode,1 KiB,base64,4.79
Rust Base64 throughput,URL-safe encode,4 KiB,base64,5.41
Rust Base64 throughput,URL-safe encode,1 MiB,base64,4.82
Rust Base64 throughput,URL-safe encode,8 MiB,base64,4.08
Rust Base64 throughput,URL-safe encode,1 KiB,base64 turbo,25.41
Rust Base64 throughput,URL-safe encode,4 KiB,base64 turbo,33.95
Rust Base64 throughput,URL-safe encode,1 MiB,base64 turbo,38.29
Rust Base64 throughput,URL-safe encode,8 MiB,base64 turbo,31.16
Rust Base64 throughput,URL-safe decode,1 KiB,hashcodecs,18.798
Rust Base64 throughput,URL-safe decode,4 KiB,hashcodecs,26.354
Rust Base64 throughput,URL-safe decode,1 MiB,hashcodecs,30.728
Rust Base64 throughput,URL-safe decode,8 MiB,hashcodecs,19.309
Rust Base64 throughput,URL-safe decode,1 KiB,base64,3.76
Rust Base64 throughput,URL-safe decode,4 KiB,base64,4.03
Rust Base64 throughput,URL-safe decode,1 MiB,base64,3.81
Rust Base64 throughput,URL-safe decode,8 MiB,base64,3.57
Rust Base64 throughput,URL-safe decode,1 KiB,base64 turbo,17.37
Rust Base64 throughput,URL-safe decode,4 KiB,base64 turbo,23.16
Rust Base64 throughput,URL-safe decode,1 MiB,base64 turbo,20.87
Rust Base64 throughput,URL-safe decode,8 MiB,base64 turbo,17.10
Rust MurmurHash3 throughput,x86 32-bit,1 KiB,hashcodecs,3.86
Rust MurmurHash3 throughput,x86 32-bit,4 KiB,hashcodecs,3.77
Rust MurmurHash3 throughput,x86 32-bit,1 MiB,hashcodecs,3.74
Rust MurmurHash3 throughput,x86 32-bit,8 MiB,hashcodecs,3.77
Rust MurmurHash3 throughput,x86 32-bit,1 KiB,murmur3,2.25
Rust MurmurHash3 throughput,x86 32-bit,4 KiB,murmur3,2.26
Rust MurmurHash3 throughput,x86 32-bit,1 MiB,murmur3,2.25
Rust MurmurHash3 throughput,x86 32-bit,8 MiB,murmur3,2.26
Rust MurmurHash3 throughput,x86 32-bit,1 KiB,murmurs,3.67
Rust MurmurHash3 throughput,x86 32-bit,4 KiB,murmurs,3.51
Rust MurmurHash3 throughput,x86 32-bit,1 MiB,murmurs,3.46
Rust MurmurHash3 throughput,x86 32-bit,8 MiB,murmurs,3.51
Rust MurmurHash3 throughput,x86 32-bit,1 KiB,fastmurmur3,
Rust MurmurHash3 throughput,x86 32-bit,4 KiB,fastmurmur3,
Rust MurmurHash3 throughput,x86 32-bit,1 MiB,fastmurmur3,
Rust MurmurHash3 throughput,x86 32-bit,8 MiB,fastmurmur3,
Rust MurmurHash3 throughput,x86 32-bit,1 KiB,mm3h,3.93
Rust MurmurHash3 throughput,x86 32-bit,4 KiB,mm3h,3.74
Rust MurmurHash3 throughput,x86 32-bit,1 MiB,mm3h,3.79
Rust MurmurHash3 throughput,x86 32-bit,8 MiB,mm3h,3.74
Rust MurmurHash3 throughput,x86 128-bit,1 KiB,hashcodecs,10.86
Rust MurmurHash3 throughput,x86 128-bit,4 KiB,hashcodecs,11.29
Rust MurmurHash3 throughput,x86 128-bit,1 MiB,hashcodecs,11.70
Rust MurmurHash3 throughput,x86 128-bit,8 MiB,hashcodecs,11.57
Rust MurmurHash3 throughput,x86 128-bit,1 KiB,murmur3,4.40
Rust MurmurHash3 throughput,x86 128-bit,4 KiB,murmur3,4.55
Rust MurmurHash3 throughput,x86 128-bit,1 MiB,murmur3,4.64
Rust MurmurHash3 throughput,x86 128-bit,8 MiB,murmur3,4.82
Rust MurmurHash3 throughput,x86 128-bit,1 KiB,murmurs,7.67
Rust MurmurHash3 throughput,x86 128-bit,4 KiB,murmurs,8.10
Rust MurmurHash3 throughput,x86 128-bit,1 MiB,murmurs,8.19
Rust MurmurHash3 throughput,x86 128-bit,8 MiB,murmurs,8.18
Rust MurmurHash3 throughput,x86 128-bit,1 KiB,fastmurmur3,
Rust MurmurHash3 throughput,x86 128-bit,4 KiB,fastmurmur3,
Rust MurmurHash3 throughput,x86 128-bit,1 MiB,fastmurmur3,
Rust MurmurHash3 throughput,x86 128-bit,8 MiB,fastmurmur3,
Rust MurmurHash3 throughput,x86 128-bit,1 KiB,mm3h,
Rust MurmurHash3 throughput,x86 128-bit,4 KiB,mm3h,
Rust MurmurHash3 throughput,x86 128-bit,1 MiB,mm3h,
Rust MurmurHash3 throughput,x86 128-bit,8 MiB,mm3h,
Rust MurmurHash3 throughput,x64 128-bit,1 KiB,hashcodecs,12.18
Rust MurmurHash3 throughput,x64 128-bit,4 KiB,hashcodecs,12.34
Rust MurmurHash3 throughput,x64 128-bit,1 MiB,hashcodecs,12.38
Rust MurmurHash3 throughput,x64 128-bit,8 MiB,hashcodecs,12.40
Rust MurmurHash3 throughput,x64 128-bit,1 KiB,murmur3,6.23
Rust MurmurHash3 throughput,x64 128-bit,4 KiB,murmur3,6.50
Rust MurmurHash3 throughput,x64 128-bit,1 MiB,murmur3,6.54
Rust MurmurHash3 throughput,x64 128-bit,8 MiB,murmur3,6.44
Rust MurmurHash3 throughput,x64 128-bit,1 KiB,murmurs,8.82
Rust MurmurHash3 throughput,x64 128-bit,4 KiB,murmurs,8.82
Rust MurmurHash3 throughput,x64 128-bit,1 MiB,murmurs,8.90
Rust MurmurHash3 throughput,x64 128-bit,8 MiB,murmurs,8.87
Rust MurmurHash3 throughput,x64 128-bit,1 KiB,fastmurmur3,9.39
Rust MurmurHash3 throughput,x64 128-bit,4 KiB,fastmurmur3,9.40
Rust MurmurHash3 throughput,x64 128-bit,1 MiB,fastmurmur3,9.41
Rust MurmurHash3 throughput,x64 128-bit,8 MiB,fastmurmur3,9.35
Rust MurmurHash3 throughput,x64 128-bit,1 KiB,mm3h,9.01
Rust MurmurHash3 throughput,x64 128-bit,4 KiB,mm3h,9.01
Rust MurmurHash3 throughput,x64 128-bit,1 MiB,mm3h,9.01
Rust MurmurHash3 throughput,x64 128-bit,8 MiB,mm3h,8.99
Rust XXH3 throughput,XXH3-64 small inputs,17 B,hashcodecs,14.97
Rust XXH3 throughput,XXH3-64 small inputs,33 B,hashcodecs,17.98
Rust XXH3 throughput,XXH3-64 small inputs,65 B,hashcodecs,25.45
Rust XXH3 throughput,XXH3-64 small inputs,97 B,hashcodecs,29.44
Rust XXH3 throughput,XXH3-64 small inputs,129 B,hashcodecs,27.81
Rust XXH3 throughput,XXH3-64 small inputs,240 B,hashcodecs,31.81
Rust XXH3 throughput,XXH3-64 small inputs,17 B,upstream C,10.90
Rust XXH3 throughput,XXH3-64 small inputs,33 B,upstream C,13.49
Rust XXH3 throughput,XXH3-64 small inputs,65 B,upstream C,20.33
Rust XXH3 throughput,XXH3-64 small inputs,97 B,upstream C,23.46
Rust XXH3 throughput,XXH3-64 small inputs,129 B,upstream C,25.00
Rust XXH3 throughput,XXH3-64 small inputs,240 B,upstream C,24.02
Rust XXH3 throughput,XXH3-128 small inputs,17 B,hashcodecs,7.02
Rust XXH3 throughput,XXH3-128 small inputs,33 B,hashcodecs,9.88
Rust XXH3 throughput,XXH3-128 small inputs,65 B,hashcodecs,14.97
Rust XXH3 throughput,XXH3-128 small inputs,97 B,hashcodecs,18.09
Rust XXH3 throughput,XXH3-128 small inputs,129 B,hashcodecs,18.08
Rust XXH3 throughput,XXH3-128 small inputs,240 B,hashcodecs,24.66
Rust XXH3 throughput,XXH3-128 small inputs,17 B,upstream C,2.16
Rust XXH3 throughput,XXH3-128 small inputs,33 B,upstream C,3.98
Rust XXH3 throughput,XXH3-128 small inputs,65 B,upstream C,7.39
Rust XXH3 throughput,XXH3-128 small inputs,97 B,upstream C,10.56
Rust XXH3 throughput,XXH3-128 small inputs,129 B,upstream C,12.18
Rust XXH3 throughput,XXH3-128 small inputs,240 B,upstream C,16.66
Rust XXH3 throughput,XXH3-64 one-shot,64 B,hashcodecs,35.80
Rust XXH3 throughput,XXH3-64 one-shot,1 KiB,hashcodecs,46.97
Rust XXH3 throughput,XXH3-64 one-shot,4 KiB,hashcodecs,74.30
Rust XXH3 throughput,XXH3-64 one-shot,1 MiB,hashcodecs,92.44
Rust XXH3 throughput,XXH3-64 one-shot,8 MiB,hashcodecs,51.50
Rust XXH3 throughput,XXH3-64 one-shot,64 B,upstream C,25.89
Rust XXH3 throughput,XXH3-64 one-shot,1 KiB,upstream C,26.27
Rust XXH3 throughput,XXH3-64 one-shot,4 KiB,upstream C,39.63
Rust XXH3 throughput,XXH3-64 one-shot,1 MiB,upstream C,48.79
Rust XXH3 throughput,XXH3-64 one-shot,8 MiB,upstream C,38.62
Rust XXH3 throughput,XXH3-128 one-shot,64 B,hashcodecs,20.95
Rust XXH3 throughput,XXH3-128 one-shot,1 KiB,hashcodecs,43.30
Rust XXH3 throughput,XXH3-128 one-shot,4 KiB,hashcodecs,72.22
Rust XXH3 throughput,XXH3-128 one-shot,1 MiB,hashcodecs,92.76
Rust XXH3 throughput,XXH3-128 one-shot,8 MiB,hashcodecs,51.67
Rust XXH3 throughput,XXH3-128 one-shot,64 B,upstream C,7.73
Rust XXH3 throughput,XXH3-128 one-shot,1 KiB,upstream C,21.85
Rust XXH3 throughput,XXH3-128 one-shot,4 KiB,upstream C,37.36
Rust XXH3 throughput,XXH3-128 one-shot,1 MiB,upstream C,48.45
Rust XXH3 throughput,XXH3-128 one-shot,8 MiB,upstream C,38.61
Rust XXH3 throughput,XXH3-64 batch (32 items),64 B,hashcodecs,20.80
Rust XXH3 throughput,XXH3-64 batch (32 items),1 KiB,hashcodecs,73.83
Rust XXH3 throughput,XXH3-64 batch (32 items),4 KiB,hashcodecs,89.63
Rust XXH3 throughput,XXH3-64 batch (32 items),1 MiB,hashcodecs,33.31
Rust XXH3 throughput,XXH3-64 batch (32 items),64 B,upstream C,21.19
Rust XXH3 throughput,XXH3-64 batch (32 items),1 KiB,upstream C,26.12
Rust XXH3 throughput,XXH3-64 batch (32 items),4 KiB,upstream C,38.86
Rust XXH3 throughput,XXH3-64 batch (32 items),1 MiB,upstream C,17.98
Rust XXH3 throughput,XXH3-128 batch (32 items),64 B,hashcodecs,10.19
Rust XXH3 throughput,XXH3-128 batch (32 items),1 KiB,hashcodecs,65.14
Rust XXH3 throughput,XXH3-128 batch (32 items),4 KiB,hashcodecs,85.91
Rust XXH3 throughput,XXH3-128 batch (32 items),1 MiB,hashcodecs,33.49
Rust XXH3 throughput,XXH3-128 batch (32 items),64 B,upstream C,8.28
Rust XXH3 throughput,XXH3-128 batch (32 items),1 KiB,upstream C,21.84
Rust XXH3 throughput,XXH3-128 batch (32 items),4 KiB,upstream C,37.01
Rust XXH3 throughput,XXH3-128 batch (32 items),1 MiB,upstream C,17.94
Rust XXH3 batch remainder throughput,XXH3-64 batch (2 items),1 KiB,hashcodecs,54.27
Rust XXH3 batch remainder throughput,XXH3-64 batch (2 items),4 KiB,hashcodecs,81.76
Rust XXH3 batch remainder throughput,XXH3-64 batch (2 items),1 MiB,hashcodecs,95.68
Rust XXH3 batch remainder throughput,XXH3-64 batch (2 items),1 KiB,upstream C,25.82
Rust XXH3 batch remainder throughput,XXH3-64 batch (2 items),4 KiB,upstream C,38.78
Rust XXH3 batch remainder throughput,XXH3-64 batch (2 items),1 MiB,upstream C,48.17
Rust XXH3 batch remainder throughput,XXH3-128 batch (2 items),1 KiB,hashcodecs,49.04
Rust XXH3 batch remainder throughput,XXH3-128 batch (2 items),4 KiB,hashcodecs,77.90
Rust XXH3 batch remainder throughput,XXH3-128 batch (2 items),1 MiB,hashcodecs,95.55
Rust XXH3 batch remainder throughput,XXH3-128 batch (2 items),1 KiB,upstream C,21.10
Rust XXH3 batch remainder throughput,XXH3-128 batch (2 items),4 KiB,upstream C,36.63
Rust XXH3 batch remainder throughput,XXH3-128 batch (2 items),1 MiB,upstream C,48.25
Rust XXH3 batch remainder throughput,XXH3-64 batch (3 items),1 KiB,hashcodecs,63.02
Rust XXH3 batch remainder throughput,XXH3-64 batch (3 items),4 KiB,hashcodecs,86.29
Rust XXH3 batch remainder throughput,XXH3-64 batch (3 items),1 MiB,hashcodecs,94.17
Rust XXH3 batch remainder throughput,XXH3-64 batch (3 items),1 KiB,upstream C,26.05
Rust XXH3 batch remainder throughput,XXH3-64 batch (3 items),4 KiB,upstream C,39.30
Rust XXH3 batch remainder throughput,XXH3-64 batch (3 items),1 MiB,upstream C,46.87
Rust XXH3 batch remainder throughput,XXH3-128 batch (3 items),1 KiB,hashcodecs,52.73
Rust XXH3 batch remainder throughput,XXH3-128 batch (3 items),4 KiB,hashcodecs,80.45
Rust XXH3 batch remainder throughput,XXH3-128 batch (3 items),1 MiB,hashcodecs,94.54
Rust XXH3 batch remainder throughput,XXH3-128 batch (3 items),1 KiB,upstream C,21.44
Rust XXH3 batch remainder throughput,XXH3-128 batch (3 items),4 KiB,upstream C,36.88
Rust XXH3 batch remainder throughput,XXH3-128 batch (3 items),1 MiB,upstream C,47.47
Python Base64 throughput,Standard encode,1 KiB,hashcodecs,14.94
Python Base64 throughput,Standard encode,4 KiB,hashcodecs,28.32
Python Base64 throughput,Standard encode,1 MiB,hashcodecs,39.57
Python Base64 throughput,Standard encode,8 MiB,hashcodecs,31.00
Python Base64 throughput,Standard encode,1 KiB,CPython,2.90
Python Base64 throughput,Standard encode,4 KiB,CPython,3.62
Python Base64 throughput,Standard encode,1 MiB,CPython,3.89
Python Base64 throughput,Standard encode,8 MiB,CPython,3.82
Python Base64 throughput,Standard encode,1 KiB,pybase64,7.29
Python Base64 throughput,Standard encode,4 KiB,pybase64,16.93
Python Base64 throughput,Standard encode,1 MiB,pybase64,17.59
Python Base64 throughput,Standard encode,8 MiB,pybase64,15.04
Python Base64 throughput,Standard decode,1 KiB,hashcodecs,10.38
Python Base64 throughput,Standard decode,4 KiB,hashcodecs,20.27
Python Base64 throughput,Standard decode,1 MiB,hashcodecs,29.06
Python Base64 throughput,Standard decode,8 MiB,hashcodecs,18.77
Python Base64 throughput,Standard decode,1 KiB,CPython,2.41
Python Base64 throughput,Standard decode,4 KiB,CPython,3.47
Python Base64 throughput,Standard decode,1 MiB,CPython,3.97
Python Base64 throughput,Standard decode,8 MiB,CPython,3.84
Python Base64 throughput,Standard decode,1 KiB,pybase64,4.60
Python Base64 throughput,Standard decode,4 KiB,pybase64,11.83
Python Base64 throughput,Standard decode,1 MiB,pybase64,18.65
Python Base64 throughput,Standard decode,8 MiB,pybase64,15.24
Python Base64 throughput,URL-safe encode,1 KiB,hashcodecs,14.88
Python Base64 throughput,URL-safe encode,4 KiB,hashcodecs,28.31
Python Base64 throughput,URL-safe encode,1 MiB,hashcodecs,39.43
Python Base64 throughput,URL-safe encode,8 MiB,hashcodecs,30.92
Python Base64 throughput,URL-safe encode,1 KiB,CPython,2.88
Python Base64 throughput,URL-safe encode,4 KiB,CPython,3.61
Python Base64 throughput,URL-safe encode,1 MiB,CPython,3.89
Python Base64 throughput,URL-safe encode,8 MiB,CPython,3.83
Python Base64 throughput,URL-safe encode,1 KiB,pybase64,1.03
Python Base64 throughput,URL-safe encode,4 KiB,pybase64,1.20
Python Base64 throughput,URL-safe encode,1 MiB,pybase64,1.24
Python Base64 throughput,URL-safe encode,8 MiB,pybase64,1.22
Python Base64 throughput,URL-safe decode,1 KiB,hashcodecs,9.16
Python Base64 throughput,URL-safe decode,4 KiB,hashcodecs,18.82
Python Base64 throughput,URL-safe decode,1 MiB,hashcodecs,29.03
Python Base64 throughput,URL-safe decode,8 MiB,hashcodecs,18.35
Python Base64 throughput,URL-safe decode,1 KiB,CPython,1.04
Python Base64 throughput,URL-safe decode,4 KiB,CPython,1.53
Python Base64 throughput,URL-safe decode,1 MiB,CPython,1.77
Python Base64 throughput,URL-safe decode,8 MiB,CPython,1.48
Python Base64 throughput,URL-safe decode,1 KiB,pybase64,0.84
Python Base64 throughput,URL-safe decode,4 KiB,pybase64,0.96
Python Base64 throughput,URL-safe decode,1 MiB,pybase64,1.00
Python Base64 throughput,URL-safe decode,8 MiB,pybase64,0.99
Python Base64 ASCII string throughput,Standard decode,1 KiB,returned bytes,9.62
Python Base64 ASCII string throughput,Standard decode,4 KiB,returned bytes,19.79
Python Base64 ASCII string throughput,Standard decode,1 MiB,returned bytes,29.08
Python Base64 ASCII string throughput,Standard decode,8 MiB,returned bytes,19.02
Python Base64 ASCII string throughput,Standard decode,1 KiB,reusable bytearray,9.78
Python Base64 ASCII string throughput,Standard decode,4 KiB,reusable bytearray,19.38
Python Base64 ASCII string throughput,Standard decode,1 MiB,reusable bytearray,29.22
Python Base64 ASCII string throughput,Standard decode,8 MiB,reusable bytearray,19.01
Python Base64 ASCII string throughput,Standard decode,1 KiB,CPython,2.27
Python Base64 ASCII string throughput,Standard decode,4 KiB,CPython,3.31
Python Base64 ASCII string throughput,Standard decode,1 MiB,CPython,3.51
Python Base64 ASCII string throughput,Standard decode,8 MiB,CPython,3.11
Python Base64 ASCII string throughput,Standard decode,1 KiB,pybase64,4.66
Python Base64 ASCII string throughput,Standard decode,4 KiB,pybase64,12.10
Python Base64 ASCII string throughput,Standard decode,1 MiB,pybase64,18.68
Python Base64 ASCII string throughput,Standard decode,8 MiB,pybase64,15.24
Lenient Python Base64 throughput,MIME whitespace,1 KiB,returned bytes,3.97
Lenient Python Base64 throughput,MIME whitespace,4 KiB,returned bytes,5.15
Lenient Python Base64 throughput,MIME whitespace,1 MiB,returned bytes,5.66
Lenient Python Base64 throughput,MIME whitespace,8 MiB,returned bytes,5.47
Lenient Python Base64 throughput,MIME whitespace,1 KiB,reusable bytearray,3.39
Lenient Python Base64 throughput,MIME whitespace,4 KiB,reusable bytearray,4.23
Lenient Python Base64 throughput,MIME whitespace,1 MiB,reusable bytearray,4.48
Lenient Python Base64 throughput,MIME whitespace,8 MiB,reusable bytearray,4.27
Lenient Python Base64 throughput,MIME whitespace,1 KiB,CPython,2.05
Lenient Python Base64 throughput,MIME whitespace,4 KiB,CPython,2.79
Lenient Python Base64 throughput,MIME whitespace,1 MiB,CPython,3.13
Lenient Python Base64 throughput,MIME whitespace,8 MiB,CPython,3.08
Lenient Python Base64 throughput,MIME whitespace,1 KiB,pybase64,3.21
Lenient Python Base64 throughput,MIME whitespace,4 KiB,pybase64,4.28
Lenient Python Base64 throughput,MIME whitespace,1 MiB,pybase64,4.68
Lenient Python Base64 throughput,MIME whitespace,8 MiB,pybase64,4.52
Lenient Python Base64 throughput,Ignored non-alphabet bytes,1 KiB,returned bytes,4.06
Lenient Python Base64 throughput,Ignored non-alphabet bytes,4 KiB,returned bytes,5.32
Lenient Python Base64 throughput,Ignored non-alphabet bytes,1 MiB,returned bytes,5.85
Lenient Python Base64 throughput,Ignored non-alphabet bytes,8 MiB,returned bytes,5.63
Lenient Python Base64 throughput,Ignored non-alphabet bytes,1 KiB,reusable bytearray,3.49
Lenient Python Base64 throughput,Ignored non-alphabet bytes,4 KiB,reusable bytearray,4.29
Lenient Python Base64 throughput,Ignored non-alphabet bytes,1 MiB,reusable bytearray,4.57
Lenient Python Base64 throughput,Ignored non-alphabet bytes,8 MiB,reusable bytearray,4.36
Lenient Python Base64 throughput,Ignored non-alphabet bytes,1 KiB,CPython,2.06
Lenient Python Base64 throughput,Ignored non-alphabet bytes,4 KiB,CPython,2.84
Lenient Python Base64 throughput,Ignored non-alphabet bytes,1 MiB,CPython,3.18
Lenient Python Base64 throughput,Ignored non-alphabet bytes,8 MiB,CPython,3.12
Lenient Python Base64 throughput,Ignored non-alphabet bytes,1 KiB,pybase64,3.34
Lenient Python Base64 throughput,Ignored non-alphabet bytes,4 KiB,pybase64,4.52
Lenient Python Base64 throughput,Ignored non-alphabet bytes,1 MiB,pybase64,4.99
Lenient Python Base64 throughput,Ignored non-alphabet bytes,8 MiB,pybase64,4.87
Lenient Python Base64 throughput,Custom @# clean input,1 KiB,returned bytes,5.29
Lenient Python Base64 throughput,Custom @# clean input,4 KiB,returned bytes,9.12
Lenient Python Base64 throughput,Custom @# clean input,1 MiB,returned bytes,10.92
Lenient Python Base64 throughput,Custom @# clean input,8 MiB,returned bytes,7.17
Lenient Python Base64 throughput,Custom @# clean input,1 KiB,reusable bytearray,5.71
Lenient Python Base64 throughput,Custom @# clean input,4 KiB,reusable bytearray,9.42
Lenient Python Base64 throughput,Custom @# clean input,1 MiB,reusable bytearray,10.99
Lenient Python Base64 throughput,Custom @# clean input,8 MiB,reusable bytearray,7.23
Lenient Python Base64 throughput,Custom @# clean input,1 KiB,CPython,1.04
Lenient Python Base64 throughput,Custom @# clean input,4 KiB,CPython,1.54
Lenient Python Base64 throughput,Custom @# clean input,1 MiB,CPython,1.78
Lenient Python Base64 throughput,Custom @# clean input,8 MiB,CPython,1.50
Lenient Python Base64 throughput,Custom @# clean input,1 KiB,pybase64,0.76
Lenient Python Base64 throughput,Custom @# clean input,4 KiB,pybase64,0.85
Lenient Python Base64 throughput,Custom @# clean input,1 MiB,pybase64,0.88
Lenient Python Base64 throughput,Custom @# clean input,8 MiB,pybase64,0.87
Lenient Python Base64 throughput,Custom @# ignored bytes,1 KiB,returned bytes,1.98
Lenient Python Base64 throughput,Custom @# ignored bytes,4 KiB,returned bytes,2.16
Lenient Python Base64 throughput,Custom @# ignored bytes,1 MiB,returned bytes,2.18
Lenient Python Base64 throughput,Custom @# ignored bytes,8 MiB,returned bytes,2.04
Lenient Python Base64 throughput,Custom @# ignored bytes,1 KiB,reusable bytearray,1.94
Lenient Python Base64 throughput,Custom @# ignored bytes,4 KiB,reusable bytearray,2.02
Lenient Python Base64 throughput,Custom @# ignored bytes,1 MiB,reusable bytearray,2.03
Lenient Python Base64 throughput,Custom @# ignored bytes,8 MiB,reusable bytearray,1.88
Lenient Python Base64 throughput,Custom @# ignored bytes,1 KiB,CPython,0.97
Lenient Python Base64 throughput,Custom @# ignored bytes,4 KiB,CPython,1.36
Lenient Python Base64 throughput,Custom @# ignored bytes,1 MiB,CPython,1.59
Lenient Python Base64 throughput,Custom @# ignored bytes,8 MiB,CPython,1.37
Lenient Python Base64 throughput,Custom @# ignored bytes,1 KiB,pybase64,0.76
Lenient Python Base64 throughput,Custom @# ignored bytes,4 KiB,pybase64,0.84
Lenient Python Base64 throughput,Custom @# ignored bytes,1 MiB,pybase64,0.88
Lenient Python Base64 throughput,Custom @# ignored bytes,8 MiB,pybase64,0.87
Python MurmurHash3 throughput,x86 32-bit one-shot,1 KiB,hashcodecs,3.56
Python MurmurHash3 throughput,x86 32-bit one-shot,4 KiB,hashcodecs,3.86
Python MurmurHash3 throughput,x86 32-bit one-shot,1 MiB,hashcodecs,4.00
Python MurmurHash3 throughput,x86 32-bit one-shot,8 MiB,hashcodecs,3.99
Python MurmurHash3 throughput,x86 32-bit one-shot,1 KiB,mmh3,3.43
Python MurmurHash3 throughput,x86 32-bit one-shot,4 KiB,mmh3,3.71
Python MurmurHash3 throughput,x86 32-bit one-shot,1 MiB,mmh3,3.84
Python MurmurHash3 throughput,x86 32-bit one-shot,8 MiB,mmh3,3.83
Python MurmurHash3 throughput,x86 32-bit incremental,1 KiB,hashcodecs,2.80
Python MurmurHash3 throughput,x86 32-bit incremental,4 KiB,hashcodecs,3.61
Python MurmurHash3 throughput,x86 32-bit incremental,1 MiB,hashcodecs,4.00
Python MurmurHash3 throughput,x86 32-bit incremental,8 MiB,hashcodecs,3.99
Python MurmurHash3 throughput,x86 32-bit incremental,1 KiB,mmh3,2.96
Python MurmurHash3 throughput,x86 32-bit incremental,4 KiB,mmh3,3.57
Python MurmurHash3 throughput,x86 32-bit incremental,1 MiB,mmh3,3.84
Python MurmurHash3 throughput,x86 32-bit incremental,8 MiB,mmh3,3.85
Python MurmurHash3 throughput,x86 128-bit one-shot,1 KiB,hashcodecs,6.70
Python MurmurHash3 throughput,x86 128-bit one-shot,4 KiB,hashcodecs,8.51
Python MurmurHash3 throughput,x86 128-bit one-shot,1 MiB,hashcodecs,9.41
Python MurmurHash3 throughput,x86 128-bit one-shot,8 MiB,hashcodecs,9.36
Python MurmurHash3 throughput,x86 128-bit one-shot,1 KiB,mmh3,6.54
Python MurmurHash3 throughput,x86 128-bit one-shot,4 KiB,mmh3,8.07
Python MurmurHash3 throughput,x86 128-bit one-shot,1 MiB,mmh3,8.76
Python MurmurHash3 throughput,x86 128-bit one-shot,8 MiB,mmh3,8.73
Python MurmurHash3 throughput,x86 128-bit incremental,1 KiB,hashcodecs,4.59
Python MurmurHash3 throughput,x86 128-bit incremental,4 KiB,hashcodecs,7.34
Python MurmurHash3 throughput,x86 128-bit incremental,1 MiB,hashcodecs,9.34
Python MurmurHash3 throughput,x86 128-bit incremental,8 MiB,hashcodecs,9.35
Python MurmurHash3 throughput,x86 128-bit incremental,1 KiB,mmh3,0.80
Python MurmurHash3 throughput,x86 128-bit incremental,4 KiB,mmh3,0.85
Python MurmurHash3 throughput,x86 128-bit incremental,1 MiB,mmh3,0.83
Python MurmurHash3 throughput,x86 128-bit incremental,8 MiB,mmh3,0.83
Python MurmurHash3 throughput,x64 128-bit one-shot,1 KiB,hashcodecs,6.62
Python MurmurHash3 throughput,x64 128-bit one-shot,4 KiB,hashcodecs,8.60
Python MurmurHash3 throughput,x64 128-bit one-shot,1 MiB,hashcodecs,9.53
Python MurmurHash3 throughput,x64 128-bit one-shot,8 MiB,hashcodecs,9.53
Python MurmurHash3 throughput,x64 128-bit one-shot,1 KiB,mmh3,7.63
Python MurmurHash3 throughput,x64 128-bit one-shot,4 KiB,mmh3,9.30
Python MurmurHash3 throughput,x64 128-bit one-shot,1 MiB,mmh3,10.03
Python MurmurHash3 throughput,x64 128-bit one-shot,8 MiB,mmh3,10.00
Python MurmurHash3 throughput,x64 128-bit incremental,1 KiB,hashcodecs,4.51
Python MurmurHash3 throughput,x64 128-bit incremental,4 KiB,hashcodecs,7.48
Python MurmurHash3 throughput,x64 128-bit incremental,1 MiB,hashcodecs,9.49
Python MurmurHash3 throughput,x64 128-bit incremental,8 MiB,hashcodecs,9.51
Python MurmurHash3 throughput,x64 128-bit incremental,1 KiB,mmh3,5.46
Python MurmurHash3 throughput,x64 128-bit incremental,4 KiB,mmh3,8.25
Python MurmurHash3 throughput,x64 128-bit incremental,1 MiB,mmh3,9.76
Python MurmurHash3 throughput,x64 128-bit incremental,8 MiB,mmh3,9.72
Python XXH3 throughput,XXH3-64 small inputs,16 B,hashcodecs,0.48
Python XXH3 throughput,XXH3-64 small inputs,17 B,hashcodecs,0.50
Python XXH3 throughput,XXH3-64 small inputs,33 B,hashcodecs,0.95
Python XXH3 throughput,XXH3-64 small inputs,65 B,hashcodecs,1.79
Python XXH3 throughput,XXH3-64 small inputs,97 B,hashcodecs,2.67
Python XXH3 throughput,XXH3-64 small inputs,240 B,hashcodecs,5.80
Python XXH3 throughput,XXH3-64 small inputs,16 B,xxhash,0.36
Python XXH3 throughput,XXH3-64 small inputs,17 B,xxhash,0.37
Python XXH3 throughput,XXH3-64 small inputs,33 B,xxhash,0.70
Python XXH3 throughput,XXH3-64 small inputs,65 B,xxhash,1.36
Python XXH3 throughput,XXH3-64 small inputs,97 B,xxhash,1.96
Python XXH3 throughput,XXH3-64 small inputs,240 B,xxhash,4.35
Python XXH3 throughput,XXH3-128 small inputs,16 B,hashcodecs,0.41
Python XXH3 throughput,XXH3-128 small inputs,17 B,hashcodecs,0.43
Python XXH3 throughput,XXH3-128 small inputs,33 B,hashcodecs,0.82
Python XXH3 throughput,XXH3-128 small inputs,65 B,hashcodecs,1.57
Python XXH3 throughput,XXH3-128 small inputs,97 B,hashcodecs,2.29
Python XXH3 throughput,XXH3-128 small inputs,240 B,hashcodecs,4.99
Python XXH3 throughput,XXH3-128 small inputs,16 B,xxhash,0.21
Python XXH3 throughput,XXH3-128 small inputs,17 B,xxhash,0.22
Python XXH3 throughput,XXH3-128 small inputs,33 B,xxhash,0.42
Python XXH3 throughput,XXH3-128 small inputs,65 B,xxhash,0.81
Python XXH3 throughput,XXH3-128 small inputs,97 B,xxhash,1.21
Python XXH3 throughput,XXH3-128 small inputs,240 B,xxhash,2.82
Python XXH3 throughput,XXH3-64 one-shot,1 KiB,hashcodecs,17.80
Python XXH3 throughput,XXH3-64 one-shot,4 KiB,hashcodecs,44.64
Python XXH3 throughput,XXH3-64 one-shot,1 MiB,hashcodecs,82.39
Python XXH3 throughput,XXH3-64 one-shot,8 MiB,hashcodecs,51.87
Python XXH3 throughput,XXH3-64 one-shot,1 KiB,xxhash,12.52
Python XXH3 throughput,XXH3-64 one-shot,4 KiB,xxhash,28.48
Python XXH3 throughput,XXH3-64 one-shot,1 MiB,xxhash,48.52
Python XXH3 throughput,XXH3-64 one-shot,8 MiB,xxhash,38.44
Python XXH3 throughput,XXH3-128 one-shot,1 KiB,hashcodecs,15.46
Python XXH3 throughput,XXH3-128 one-shot,4 KiB,hashcodecs,41.05
Python XXH3 throughput,XXH3-128 one-shot,1 MiB,hashcodecs,82.39
Python XXH3 throughput,XXH3-128 one-shot,8 MiB,hashcodecs,52.12
Python XXH3 throughput,XXH3-128 one-shot,1 KiB,xxhash,9.11
Python XXH3 throughput,XXH3-128 one-shot,4 KiB,xxhash,23.44
Python XXH3 throughput,XXH3-128 one-shot,1 MiB,xxhash,48.26
Python XXH3 throughput,XXH3-128 one-shot,8 MiB,xxhash,38.45
Python XXH3 throughput,XXH3-64 batch (32 items),64 B,hashcodecs list,2.50
Python XXH3 throughput,XXH3-64 batch (32 items),1 KiB,hashcodecs list,27.30
Python XXH3 throughput,XXH3-64 batch (32 items),4 KiB,hashcodecs list,57.31
Python XXH3 throughput,XXH3-64 batch (32 items),1 MiB,hashcodecs list,35.11
Python XXH3 throughput,XXH3-64 batch (32 items),64 B,hashcodecs packed,3.29
Python XXH3 throughput,XXH3-64 batch (32 items),1 KiB,hashcodecs packed,32.92
Python XXH3 throughput,XXH3-64 batch (32 items),4 KiB,hashcodecs packed,63.40
Python XXH3 throughput,XXH3-64 batch (32 items),1 MiB,hashcodecs packed,35.20
Python XXH3 throughput,XXH3-64 batch (32 items),64 B,xxhash,1.60
Python XXH3 throughput,XXH3-64 batch (32 items),1 KiB,xxhash,13.78
Python XXH3 throughput,XXH3-64 batch (32 items),4 KiB,xxhash,29.97
Python XXH3 throughput,XXH3-64 batch (32 items),1 MiB,xxhash,17.74
Python XXH3 throughput,XXH3-128 batch (32 items),64 B,hashcodecs list,1.99
Python XXH3 throughput,XXH3-128 batch (32 items),1 KiB,hashcodecs list,24.33
Python XXH3 throughput,XXH3-128 batch (32 items),4 KiB,hashcodecs list,53.59
Python XXH3 throughput,XXH3-128 batch (32 items),1 MiB,hashcodecs list,35.20
Python XXH3 throughput,XXH3-128 batch (32 items),64 B,hashcodecs packed,2.83
Python XXH3 throughput,XXH3-128 batch (32 items),1 KiB,hashcodecs packed,31.06
Python XXH3 throughput,XXH3-128 batch (32 items),4 KiB,hashcodecs packed,61.71
Python XXH3 throughput,XXH3-128 batch (32 items),1 MiB,hashcodecs packed,35.32
Python XXH3 throughput,XXH3-128 batch (32 items),64 B,xxhash,0.90
Python XXH3 throughput,XXH3-128 batch (32 items),1 KiB,xxhash,9.52
Python XXH3 throughput,XXH3-128 batch (32 items),4 KiB,xxhash,23.75
Python XXH3 throughput,XXH3-128 batch (32 items),1 MiB,xxhash,17.53
Reusable Python Base64 buffers,Standard encode,1 KiB,hashcodecs,11.34
Reusable Python Base64 buffers,Standard encode,4 KiB,hashcodecs,24.17
Reusable Python Base64 buffers,Standard encode,1 MiB,hashcodecs,39.51
Reusable Python Base64 buffers,Standard encode,8 MiB,hashcodecs,30.80
Reusable Python Base64 buffers,Standard decode,1 KiB,hashcodecs,10.24
Reusable Python Base64 buffers,Standard decode,4 KiB,hashcodecs,19.93
Reusable Python Base64 buffers,Standard decode,1 MiB,hashcodecs,29.17
Reusable Python Base64 buffers,Standard decode,8 MiB,hashcodecs,18.40
Reusable Python Base64 buffers,URL-safe encode,1 KiB,hashcodecs,10.09
Reusable Python Base64 buffers,URL-safe encode,4 KiB,hashcodecs,22.71
Reusable Python Base64 buffers,URL-safe encode,1 MiB,hashcodecs,39.68
Reusable Python Base64 buffers,URL-safe encode,8 MiB,hashcodecs,31.02
Reusable Python Base64 buffers,URL-safe decode,1 KiB,hashcodecs,8.49
Reusable Python Base64 buffers,URL-safe decode,4 KiB,hashcodecs,15.49
Reusable Python Base64 buffers,URL-safe decode,1 MiB,hashcodecs,22.18
Reusable Python Base64 buffers,URL-safe decode,8 MiB,hashcodecs,12.84
Python Base64 memoryview inputs,"Encode, returned bytes",1 KiB,full view,6.54
Python Base64 memoryview inputs,"Encode, returned bytes",4 KiB,full view,16.52
Python Base64 memoryview inputs,"Encode, returned bytes",1 MiB,full view,21.16
Python Base64 memoryview inputs,"Encode, returned bytes",8 MiB,full view,11.17
Python Base64 memoryview inputs,"Encode, returned bytes",1 KiB,nonzero offset,6.52
Python Base64 memoryview inputs,"Encode, returned bytes",4 KiB,nonzero offset,16.48
Python Base64 memoryview inputs,"Encode, returned bytes",1 MiB,nonzero offset,22.25
Python Base64 memoryview inputs,"Encode, returned bytes",8 MiB,nonzero offset,11.19
Python Base64 memoryview inputs,"Encode, reusable bytearray",1 KiB,full view,9.36
Python Base64 memoryview inputs,"Encode, reusable bytearray",4 KiB,full view,21.70
Python Base64 memoryview inputs,"Encode, reusable bytearray",1 MiB,full view,39.63
Python Base64 memoryview inputs,"Encode, reusable bytearray",8 MiB,full view,31.09
Python Base64 memoryview inputs,"Encode, reusable bytearray",1 KiB,nonzero offset,9.29
Python Base64 memoryview inputs,"Encode, reusable bytearray",4 KiB,nonzero offset,21.51
Python Base64 memoryview inputs,"Encode, reusable bytearray",1 MiB,nonzero offset,39.41
Python Base64 memoryview inputs,"Encode, reusable bytearray",8 MiB,nonzero offset,31.27
Python Base64 memoryview inputs,"Decode, returned bytes",1 KiB,full view,7.51
Python Base64 memoryview inputs,"Decode, returned bytes",4 KiB,full view,16.58
Python Base64 memoryview inputs,"Decode, returned bytes",1 MiB,full view,28.33
Python Base64 memoryview inputs,"Decode, returned bytes",8 MiB,full view,18.62
Python Base64 memoryview inputs,"Decode, returned bytes",1 KiB,nonzero offset,7.41
Python Base64 memoryview inputs,"Decode, returned bytes",4 KiB,nonzero offset,16.86
Python Base64 memoryview inputs,"Decode, returned bytes",1 MiB,nonzero offset,28.96
Python Base64 memoryview inputs,"Decode, returned bytes",8 MiB,nonzero offset,18.24
Python Base64 memoryview inputs,"Decode, reusable bytearray",1 KiB,full view,7.35
Python Base64 memoryview inputs,"Decode, reusable bytearray",4 KiB,full view,16.72
Python Base64 memoryview inputs,"Decode, reusable bytearray",1 MiB,full view,29.14
Python Base64 memoryview inputs,"Decode, reusable bytearray",8 MiB,full view,18.81
Python Base64 memoryview inputs,"Decode, reusable bytearray",1 KiB,nonzero offset,7.33
Python Base64 memoryview inputs,"Decode, reusable bytearray",4 KiB,nonzero offset,16.54
Python Base64 memoryview inputs,"Decode, reusable bytearray",1 MiB,nonzero offset,29.07
Python Base64 memoryview inputs,"Decode, reusable bytearray",8 MiB,nonzero offset,18.59
Python Base64 batch throughput,16 B encode,8,hashcodecs,0.35
Python Base64 batch throughput,16 B encode,64,hashcodecs,0.41
Python Base64 batch throughput,16 B encode,"1,024",hashcodecs,0.40
Python Base64 batch throughput,16 B encode,8,hashcodecs loop,0.42
Python Base64 batch throughput,16 B encode,64,hashcodecs loop,0.46
Python Base64 batch throughput,16 B encode,"1,024",hashcodecs loop,0.47
Python Base64 batch throughput,16 B encode,8,pybase64,0.19
Python Base64 batch throughput,16 B encode,64,pybase64,0.19
Python Base64 batch throughput,16 B encode,"1,024",pybase64,0.20
Python Base64 batch throughput,16 B encode,8,CPython,0.20
Python Base64 batch throughput,16 B encode,64,CPython,0.20
Python Base64 batch throughput,16 B encode,"1,024",CPython,0.22
Python Base64 batch throughput,16 B decode,8,hashcodecs,0.31
Python Base64 batch throughput,16 B decode,64,hashcodecs,0.39
Python Base64 batch throughput,16 B decode,"1,024",hashcodecs,0.38
Python Base64 batch throughput,16 B decode,8,hashcodecs loop,0.28
Python Base64 batch throughput,16 B decode,64,hashcodecs loop,0.30
Python Base64 batch throughput,16 B decode,"1,024",hashcodecs loop,0.31
Python Base64 batch throughput,16 B decode,8,pybase64,0.10
Python Base64 batch throughput,16 B decode,64,pybase64,0.10
Python Base64 batch throughput,16 B decode,"1,024",pybase64,0.11
Python Base64 batch throughput,16 B decode,8,CPython,0.11
Python Base64 batch throughput,16 B decode,64,CPython,0.11
Python Base64 batch throughput,16 B decode,"1,024",CPython,0.11
Python Base64 batch throughput,256 B encode,8,hashcodecs,4.95
Python Base64 batch throughput,256 B encode,64,hashcodecs,5.46
Python Base64 batch throughput,256 B encode,"1,024",hashcodecs,5.20
Python Base64 batch throughput,256 B encode,8,hashcodecs loop,5.75
Python Base64 batch throughput,256 B encode,64,hashcodecs loop,5.98
Python Base64 batch throughput,256 B encode,"1,024",hashcodecs loop,6.00
Python Base64 batch throughput,256 B encode,8,pybase64,2.64
Python Base64 batch throughput,256 B encode,64,pybase64,2.73
Python Base64 batch throughput,256 B encode,"1,024",pybase64,2.61
Python Base64 batch throughput,256 B encode,8,CPython,1.70
Python Base64 batch throughput,256 B encode,64,CPython,1.74
Python Base64 batch throughput,256 B encode,"1,024",CPython,1.77
Python Base64 batch throughput,256 B decode,8,hashcodecs,4.37
Python Base64 batch throughput,256 B decode,64,hashcodecs,5.11
Python Base64 batch throughput,256 B decode,"1,024",hashcodecs,5.12
Python Base64 batch throughput,256 B decode,8,hashcodecs loop,3.89
Python Base64 batch throughput,256 B decode,64,hashcodecs loop,4.06
Python Base64 batch throughput,256 B decode,"1,024",hashcodecs loop,4.10
Python Base64 batch throughput,256 B decode,8,pybase64,1.38
Python Base64 batch throughput,256 B decode,64,pybase64,1.44
Python Base64 batch throughput,256 B decode,"1,024",pybase64,1.47
Python Base64 batch throughput,256 B decode,8,CPython,1.13
Python Base64 batch throughput,256 B decode,64,CPython,1.15
Python Base64 batch throughput,256 B decode,"1,024",CPython,1.15
Python Base64 batch throughput,4 KiB encode,8,hashcodecs,27.12
Python Base64 batch throughput,4 KiB encode,64,hashcodecs,27.53
Python Base64 batch throughput,4 KiB encode,"1,024",hashcodecs,16.70
Python Base64 batch throughput,4 KiB encode,8,hashcodecs loop,28.47
Python Base64 batch throughput,4 KiB encode,64,hashcodecs loop,27.79
Python Base64 batch throughput,4 KiB encode,"1,024",hashcodecs loop,17.32
Python Base64 batch throughput,4 KiB encode,8,pybase64,15.13
Python Base64 batch throughput,4 KiB encode,64,pybase64,13.09
Python Base64 batch throughput,4 KiB encode,"1,024",pybase64,11.08
Python Base64 batch throughput,4 KiB encode,8,CPython,3.63
Python Base64 batch throughput,4 KiB encode,64,CPython,3.62
Python Base64 batch throughput,4 KiB encode,"1,024",CPython,3.55
Python Base64 batch throughput,4 KiB decode,8,hashcodecs,20.79
Python Base64 batch throughput,4 KiB decode,64,hashcodecs,21.16
Python Base64 batch throughput,4 KiB decode,"1,024",hashcodecs,16.17
Python Base64 batch throughput,4 KiB decode,8,hashcodecs loop,20.44
Python Base64 batch throughput,4 KiB decode,64,hashcodecs loop,19.87
Python Base64 batch throughput,4 KiB decode,"1,024",hashcodecs loop,15.52
Python Base64 batch throughput,4 KiB decode,8,pybase64,10.73
Python Base64 batch throughput,4 KiB decode,64,pybase64,10.39
Python Base64 batch throughput,4 KiB decode,"1,024",pybase64,9.07
Python Base64 batch throughput,4 KiB decode,8,CPython,3.44
Python Base64 batch throughput,4 KiB decode,64,CPython,3.44
Python Base64 batch throughput,4 KiB decode,"1,024",CPython,3.39
Reusable Python Base64 batch buffers,16 B items,8,encode,0.26
Reusable Python Base64 batch buffers,16 B items,64,encode,0.29
Reusable Python Base64 batch buffers,16 B items,"1,024",encode,0.29
Reusable Python Base64 batch buffers,16 B items,8,decode,0.23
Reusable Python Base64 batch buffers,16 B items,64,decode,0.26
Reusable Python Base64 batch buffers,16 B items,"1,024",decode,0.26
Reusable Python Base64 batch buffers,256 B items,8,encode,3.90
Reusable Python Base64 batch buffers,256 B items,64,encode,4.14
Reusable Python Base64 batch buffers,256 B items,"1,024",encode,4.14
Reusable Python Base64 batch buffers,256 B items,8,decode,3.41
Reusable Python Base64 batch buffers,256 B items,64,decode,3.72
Reusable Python Base64 batch buffers,256 B items,"1,024",decode,3.77
Reusable Python Base64 batch buffers,4 KiB items,8,encode,24.65
Reusable Python Base64 batch buffers,4 KiB items,64,encode,24.84
Reusable Python Base64 batch buffers,4 KiB items,"1,024",encode,14.96
Reusable Python Base64 batch buffers,4 KiB items,8,decode,19.18
Reusable Python Base64 batch buffers,4 KiB items,64,decode,19.89
Reusable Python Base64 batch buffers,4 KiB items,"1,024",decode,14.88
Large Python Base64 batches,1 MiB items,1,returned encode,39.73
Large Python Base64 batches,1 MiB items,2,returned encode,20.39
Large Python Base64 batches,1 MiB items,4,returned encode,19.95
Large Python Base64 batches,1 MiB items,8,returned encode,19.06
Large Python Base64 batches,1 MiB items,16,returned encode,12.95
Large Python Base64 batches,1 MiB items,32,returned encode,10.74
Large Python Base64 batches,1 MiB items,1,reusable encode,39.50
Large Python Base64 batches,1 MiB items,2,reusable encode,20.72
Large Python Base64 batches,1 MiB items,4,reusable encode,20.03
Large Python Base64 batches,1 MiB items,8,reusable encode,18.98
Large Python Base64 batches,1 MiB items,16,reusable encode,13.06
Large Python Base64 batches,1 MiB items,32,reusable encode,10.87
Large Python Base64 batches,1 MiB items,1,returned decode,28.94
Large Python Base64 batches,1 MiB items,2,returned decode,20.89
Large Python Base64 batches,1 MiB items,4,returned decode,20.73
Large Python Base64 batches,1 MiB items,8,returned decode,18.46
Large Python Base64 batches,1 MiB items,16,returned decode,11.58
Large Python Base64 batches,1 MiB items,32,returned decode,10.36
Large Python Base64 batches,1 MiB items,1,reusable decode,29.09
Large Python Base64 batches,1 MiB items,2,reusable decode,21.11
Large Python Base64 batches,1 MiB items,4,reusable decode,20.77
Large Python Base64 batches,1 MiB items,8,reusable decode,18.80
Large Python Base64 batches,1 MiB items,16,reusable decode,11.67
Large Python Base64 batches,1 MiB items,32,reusable decode,10.41
Python Base64 memoryview batch throughput,16 B items,8,returned encode,0.25
Python Base64 memoryview batch throughput,16 B items,64,returned encode,0.28
Python Base64 memoryview batch throughput,16 B items,"1,024",returned encode,0.27
Python Base64 memoryview batch throughput,16 B items,8,reusable encode,0.16
Python Base64 memoryview batch throughput,16 B items,64,reusable encode,0.16
Python Base64 memoryview batch throughput,16 B items,"1,024",reusable encode,0.17
Python Base64 memoryview batch throughput,16 B items,8,returned decode,0.23
Python Base64 memoryview batch throughput,16 B items,64,returned decode,0.27
Python Base64 memoryview batch throughput,16 B items,"1,024",returned decode,0.26
Python Base64 memoryview batch throughput,16 B items,8,reusable decode,0.14
Python Base64 memoryview batch throughput,16 B items,64,reusable decode,0.15
Python Base64 memoryview batch throughput,16 B items,"1,024",reusable decode,0.16
Python Base64 memoryview batch throughput,256 B items,8,returned encode,3.69
Python Base64 memoryview batch throughput,256 B items,64,returned encode,3.80
Python Base64 memoryview batch throughput,256 B items,"1,024",returned encode,3.57
Python Base64 memoryview batch throughput,256 B items,8,reusable encode,2.41
Python Base64 memoryview batch throughput,256 B items,64,reusable encode,2.47
Python Base64 memoryview batch throughput,256 B items,"1,024",reusable encode,2.47
Python Base64 memoryview batch throughput,256 B items,8,returned decode,3.29
Python Base64 memoryview batch throughput,256 B items,64,returned decode,3.66
Python Base64 memoryview batch throughput,256 B items,"1,024",returned decode,3.59
Python Base64 memoryview batch throughput,256 B items,8,reusable decode,2.17
Python Base64 memoryview batch throughput,256 B items,64,reusable decode,2.32
Python Base64 memoryview batch throughput,256 B items,"1,024",reusable decode,2.35
Python Base64 memoryview batch throughput,4 KiB items,8,returned encode,23.72
Python Base64 memoryview batch throughput,4 KiB items,64,returned encode,23.95
Python Base64 memoryview batch throughput,4 KiB items,"1,024",returned encode,15.46
Python Base64 memoryview batch throughput,4 KiB items,8,reusable encode,19.54
Python Base64 memoryview batch throughput,4 KiB items,64,reusable encode,19.61
Python Base64 memoryview batch throughput,4 KiB items,"1,024",reusable encode,13.07
Python Base64 memoryview batch throughput,4 KiB items,8,returned decode,18.87
Python Base64 memoryview batch throughput,4 KiB items,64,returned decode,19.18
Python Base64 memoryview batch throughput,4 KiB items,"1,024",returned decode,14.79
Python Base64 memoryview batch throughput,4 KiB items,8,reusable decode,15.84
Python Base64 memoryview batch throughput,4 KiB items,64,reusable decode,16.53
Python Base64 memoryview batch throughput,4 KiB items,"1,024",reusable decode,12.79
Python Base64 memoryview batch throughput,1 MiB items,1,returned encode,39.38
Python Base64 memoryview batch throughput,1 MiB items,2,returned encode,20.35
Python Base64 memoryview batch throughput,1 MiB items,4,returned encode,19.93
Python Base64 memoryview batch throughput,1 MiB items,8,returned encode,18.99
Python Base64 memoryview batch throughput,1 MiB items,16,returned encode,12.86
Python Base64 memoryview batch throughput,1 MiB items,32,returned encode,10.77
Python Base64 memoryview batch throughput,1 MiB items,1,reusable encode,39.45
Python Base64 memoryview batch throughput,1 MiB items,2,reusable encode,20.70
Python Base64 memoryview batch throughput,1 MiB items,4,reusable encode,20.00
Python Base64 memoryview batch throughput,1 MiB items,8,reusable encode,19.16
Python Base64 memoryview batch throughput,1 MiB items,16,reusable encode,13.11
Python Base64 memoryview batch throughput,1 MiB items,32,reusable encode,10.86
Python Base64 memoryview batch throughput,1 MiB items,1,returned decode,28.96
Python Base64 memoryview batch throughput,1 MiB items,2,returned decode,20.90
Python Base64 memoryview batch throughput,1 MiB items,4,returned decode,20.59
Python Base64 memoryview batch throughput,1 MiB items,8,returned decode,18.44
Python Base64 memoryview batch throughput,1 MiB items,16,returned decode,11.54
Python Base64 memoryview batch throughput,1 MiB items,32,returned decode,10.31
Python Base64 memoryview batch throughput,1 MiB items,1,reusable decode,29.04
Python Base64 memoryview batch throughput,1 MiB items,2,reusable decode,21.18
Python Base64 memoryview batch throughput,1 MiB items,4,reusable decode,20.72
Python Base64 memoryview batch throughput,1 MiB items,8,reusable decode,18.39
Python Base64 memoryview batch throughput,1 MiB items,16,reusable decode,11.72
Python Base64 memoryview batch throughput,1 MiB items,32,reusable decode,10.42
Mutable Python Base64 inputs,Encode,1 KiB,returned bytes,6.15
Mutable Python Base64 inputs,Encode,4 KiB,returned bytes,15.89
Mutable Python Base64 inputs,Encode,1 MiB,returned bytes,22.11
Mutable Python Base64 inputs,Encode,8 MiB,returned bytes,11.15
Mutable Python Base64 inputs,Encode,1 KiB,reusable bytearray,10.47
Mutable Python Base64 inputs,Encode,4 KiB,reusable bytearray,23.15
Mutable Python Base64 inputs,Encode,1 MiB,reusable bytearray,39.70
Mutable Python Base64 inputs,Encode,8 MiB,reusable bytearray,31.03
Mutable Python Base64 inputs,Decode,1 KiB,returned bytes,6.56
Mutable Python Base64 inputs,Decode,4 KiB,returned bytes,14.09
Mutable Python Base64 inputs,Decode,1 MiB,returned bytes,14.64
Mutable Python Base64 inputs,Decode,8 MiB,returned bytes,8.20
Mutable Python Base64 inputs,Decode,1 KiB,reusable bytearray,6.68
Mutable Python Base64 inputs,Decode,4 KiB,reusable bytearray,14.58
Mutable Python Base64 inputs,Decode,1 MiB,reusable bytearray,14.67
Mutable Python Base64 inputs,Decode,8 MiB,reusable bytearray,8.21
Mutable Python MurmurHash3 inputs,x86 32-bit one-shot,1 KiB,hashcodecs,3.31
Mutable Python MurmurHash3 inputs,x86 32-bit one-shot,4 KiB,hashcodecs,3.79
Mutable Python MurmurHash3 inputs,x86 32-bit one-shot,1 MiB,hashcodecs,4.00
Mutable Python MurmurHash3 inputs,x86 32-bit one-shot,8 MiB,hashcodecs,3.99
Mutable Python MurmurHash3 inputs,x86 32-bit incremental,1 KiB,hashcodecs,2.75
Mutable Python MurmurHash3 inputs,x86 32-bit incremental,4 KiB,hashcodecs,3.58
Mutable Python MurmurHash3 inputs,x86 32-bit incremental,1 MiB,hashcodecs,4.00
Mutable Python MurmurHash3 inputs,x86 32-bit incremental,8 MiB,hashcodecs,3.99
Mutable Python MurmurHash3 inputs,x86 128-bit one-shot,1 KiB,hashcodecs,6.01
Mutable Python MurmurHash3 inputs,x86 128-bit one-shot,4 KiB,hashcodecs,8.17
Mutable Python MurmurHash3 inputs,x86 128-bit one-shot,1 MiB,hashcodecs,9.33
Mutable Python MurmurHash3 inputs,x86 128-bit one-shot,8 MiB,hashcodecs,9.29
Mutable Python MurmurHash3 inputs,x86 128-bit incremental,1 KiB,hashcodecs,4.44
Mutable Python MurmurHash3 inputs,x86 128-bit incremental,4 KiB,hashcodecs,7.28
Mutable Python MurmurHash3 inputs,x86 128-bit incremental,1 MiB,hashcodecs,9.40
Mutable Python MurmurHash3 inputs,x86 128-bit incremental,8 MiB,hashcodecs,9.35
Mutable Python MurmurHash3 inputs,x64 128-bit one-shot,1 KiB,hashcodecs,5.78
Mutable Python MurmurHash3 inputs,x64 128-bit one-shot,4 KiB,hashcodecs,8.11
Mutable Python MurmurHash3 inputs,x64 128-bit one-shot,1 MiB,hashcodecs,9.54
Mutable Python MurmurHash3 inputs,x64 128-bit one-shot,8 MiB,hashcodecs,9.53
Mutable Python MurmurHash3 inputs,x64 128-bit incremental,1 KiB,hashcodecs,4.39
Mutable Python MurmurHash3 inputs,x64 128-bit incremental,4 KiB,hashcodecs,7.39
Mutable Python MurmurHash3 inputs,x64 128-bit incremental,1 MiB,hashcodecs,9.50
Mutable Python MurmurHash3 inputs,x64 128-bit incremental,8 MiB,hashcodecs,9.52
